﻿<?xml version="1.0" encoding="utf-8" ?>
<LogProperties><LogProperty><PropertyName>AssemblyVersion</PropertyName><PropertyValue>5.3.1</PropertyValue></LogProperty><LogProperty><PropertyName>PortalID</PropertyName><PropertyValue>0</PropertyValue></LogProperty><LogProperty><PropertyName>PortalName</PropertyName><PropertyValue>Rawson (SRD)</PropertyValue></LogProperty><LogProperty><PropertyName>UserID</PropertyName><PropertyValue>-1</PropertyValue></LogProperty><LogProperty><PropertyName>UserName</PropertyName><PropertyValue /></LogProperty><LogProperty><PropertyName>ActiveTabID</PropertyName><PropertyValue>40</PropertyValue></LogProperty><LogProperty><PropertyName>ActiveTabName</PropertyName><PropertyValue>Home</PropertyValue></LogProperty><LogProperty><PropertyName>RawURL</PropertyName><PropertyValue>/srd/</PropertyValue></LogProperty><LogProperty><PropertyName>AbsoluteURL</PropertyName><PropertyValue>/srd/default.aspx</PropertyValue></LogProperty><LogProperty><PropertyName>AbsoluteURLReferrer</PropertyName><PropertyValue /></LogProperty><LogProperty><PropertyName>UserAgent</PropertyName><PropertyValue>Mozilla/5.0 (compatible; MSIE 9.0; Windows NT 6.1; WOW64; Trident/5.0)</PropertyValue></LogProperty><LogProperty><PropertyName>DefaultDataProvider</PropertyName><PropertyValue>DotNetNuke.Data.SqlDataProvider, DotNetNuke.SqlDataProvider</PropertyValue></LogProperty><LogProperty><PropertyName>ExceptionGUID</PropertyName><PropertyValue>e6b7840b-8692-4102-b258-106f2361f3ff</PropertyValue></LogProperty><LogProperty><PropertyName>InnerException</PropertyName><PropertyValue>Could not load file or assembly 'DevExpress.Web.ASPxScheduler.v11.2' or one of its dependencies. The system cannot find the file specified.</PropertyValue></LogProperty><LogProperty><PropertyName>FileName</PropertyName><PropertyValue /></LogProperty><LogProperty><PropertyName>FileLineNumber</PropertyName><PropertyValue>0</PropertyValue></LogProperty><LogProperty><PropertyName>FileColumnNumber</PropertyName><PropertyValue>0</PropertyValue></LogProperty><LogProperty><PropertyName>Method</PropertyName><PropertyValue>System.Reflection.RuntimeAssembly._nLoad</PropertyValue></LogProperty><LogProperty><PropertyName>StackTrace</PropertyName><PropertyValue /></LogProperty><LogProperty><PropertyName>Message</PropertyName><PropertyValue>DotNetNuke.Services.Exceptions.PageLoadException: Could not load file or assembly 'DevExpress.Web.ASPxScheduler.v11.2' or one of its dependencies. The system cannot find the file specified. ---&gt; System.Web.HttpParseException: Could not load file or assembly 'DevExpress.Web.ASPxScheduler.v11.2' or one of its dependencies. The system cannot find the file specified. ---&gt; System.Web.HttpParseException: Could not load file or assembly 'DevExpress.Web.ASPxScheduler.v11.2' or one of its dependencies. The system cannot find the file specified. ---&gt; System.IO.FileNotFoundException: Could not load file or assembly 'DevExpress.Web.ASPxScheduler.v11.2' or one of its dependencies. The system cannot find the file specified.     at System.Reflection.RuntimeAssembly._nLoad(AssemblyName fileName, String codeBase, Evidence assemblySecurity, RuntimeAssembly locationHint, StackCrawlMark&amp; stackMark, Boolean throwOnFileNotFound, Boolean forIntrospection, Boolean suppressSecurityChecks)     at System.Reflection.RuntimeAssembly.InternalLoadAssemblyName(AssemblyName assemblyRef, Evidence assemblySecurity, StackCrawlMark&amp; stackMark, Boolean forIntrospection, Boolean suppressSecurityChecks)     at System.Reflection.RuntimeAssembly.InternalLoad(String assemblyString, Evidence assemblySecurity, StackCrawlMark&amp; stackMark, Boolean forIntrospection)     at System.Reflection.Assembly.Load(String assemblyString)     at System.Web.Configuration.CompilationSection.LoadAssembly(String assemblyName, Boolean throwOnFail)     at System.Web.UI.TemplateParser.AddAssemblyDependency(String assemblyName, Boolean addDependentAssemblies)     at System.Web.UI.MainTagNameToTypeMapper.ProcessTagNamespaceRegistrationCore(TagNamespaceRegisterEntry nsRegisterEntry)     at System.Web.UI.BaseTemplateParser.ProcessDirective(String directiveName, IDictionary directive)     at System.Web.UI.TemplateParser.ParseStringInternal(String text, Encoding fileEncoding)     --- End of inner exception stack trace ---     at System.Web.UI.TemplateParser.ProcessException(Exception ex)     at System.Web.UI.TemplateParser.ParseStringInternal(String text, Encoding fileEncoding)     at System.Web.UI.TemplateParser.ParseString(String text, VirtualPath virtualPath, Encoding fileEncoding)     --- End of inner exception stack trace ---     at System.Web.UI.TemplateParser.ParseString(String text, VirtualPath virtualPath, Encoding fileEncoding)     at System.Web.UI.TemplateParser.ParseFile(String physicalPath, VirtualPath virtualPath)     at System.Web.UI.PageThemeParser.ParseInternal()     at System.Web.UI.TemplateParser.Parse()     at System.Web.Compilation.BaseTemplateBuildProvider.get_CodeCompilerType()     at System.Web.Compilation.BuildProvider.GetCompilerTypeFromBuildProvider(BuildProvider buildProvider)     at System.Web.Compilation.BuildProvidersCompiler.ProcessBuildProviders()     at System.Web.Compilation.BuildProvidersCompiler.PerformBuild()     at System.Web.Compilation.ThemeDirectoryCompiler.GetThemeBuildResultType(String themeName)     at System.Web.Compilation.ThemeDirectoryCompiler.GetThemeBuildResultType(HttpContext context, String themeName)     at System.Web.UI.Page.PerformPreInit()     at System.Web.UI.Page.ProcessRequestMain(Boolean includeStagesBeforeAsyncPoint, Boolean includeStagesAfterAsyncPoint)     --- End of inner exception stack trace ---</PropertyValue></LogProperty><LogProperty><PropertyName>Source</PropertyName><PropertyValue /></LogProperty></LogProperties>
